{
  "openapi": "3.0.0",
  "info": {
    "version": "1.0.0",
    "description": "API for e-commerce application",
    "title": "Title for e-commerce API"
  },
  "servers": [
    {
      "url": "http://localhost:3200"
    }
  ],
  "components": {
    "securitySchemes": {
      "JWT": {
        "in": "header",
        "name": "Authorization",
        "type": "apiKey"
      }
    }
  },
  "paths": {
    "/api/users/signin": {
      "post": {
        "tags": ["User"],
        "summary": "Login",
        "description": "User login to get token",
        "requestBody": {
          "content": {
            "application/json": {
              "in": "body",
              "name": "body",
              "description": "User credentials",
              "schema": {
                "type": "object",
                "properties": {
                  "email": {
                    "type": "string"
                  },
                  "password": {
                    "type": "string"
                  }
                }
              }
            }
          }
        },
        "responses": {
          "200": {
            "description": "OK"
          },
          "400": {
            "description": "Incorrect credentials"
          }
        }
      }
    },
    "/api/products": {
      "get": {
        "tags": ["Products"],
        "summary": "Get Products",
        "description": "User will get all products",
        "security": [{ "JWT": {} }],
        "responses": {
          "200": {
            "description": "OK"
          },
          "401": {
            "description": "Unauthorized"
          }
        }
      }
    }
  }
}
